"Station Name","PINCHER CREEK"
"Province","ALBERTA"
"Latitude","49.52"
"Longitude","-114.00"
"Elevation","1189.60"
"Climate Identifier","3035198"
"WMO Identifier","71085"
"TC Identifier","ZPC"
"All times are specified in Local Standard Time (LST). Add 1 hour to adjust for Daylight Saving Time where and when it is observed."

"Legend"
"E","Estimated"
"M","Missing"
"NA","Not Available"
"‡","Partner data that is not subject to review by the National Climate Archives"

"Date/Time","Year","Month","Day","Time","Data Quality","Temp (°C)","Temp Flag","Dew Point Temp (°C)","Dew Point Temp Flag","Rel Hum (%)","Rel Hum Flag","Wind Dir (10s deg)","Wind Dir Flag","Wind Spd (km/h)","Wind Spd Flag","Visibility (km)","Visibility Flag","Stn Press (kPa)","Stn Press Flag","Hmdx","Hmdx Flag","Wind Chill","Wind Chill Flag","Weather"
"2017-04-01 00:00","2017","04","01","00:00","‡","6.5","","-1.6","","56","","26","","35","","16.1","","88.06","","","","","","NA"
"2017-04-01 01:00","2017","04","01","01:00","‡","6.1","","-2.0","","56","","26","","35","","16.1","","88.03","","","","","","NA"
"2017-04-01 02:00","2017","04","01","02:00","‡","6.6","","-2.6","","52","","25","","41","","16.1","","87.96","","","","","","NA"
"2017-04-01 03:00","2017","04","01","03:00","‡","6.0","","-2.6","","54","","28","","24","","16.1","","87.91","","","","","","NA"
"2017-04-01 04:00","2017","04","01","04:00","‡","5.7","","-2.4","","56","","28","","28","","16.1","","87.86","","","","","","NA"
"2017-04-01 05:00","2017","04","01","05:00","‡","6.9","","-3.1","","49","","26","","50","","16.1","","87.80","","","","","","NA"
"2017-04-01 06:00","2017","04","01","06:00","‡","6.8","","-2.7","","51","","26","","39","","16.1","","87.76","","","","","","NA"
"2017-04-01 07:00","2017","04","01","07:00","‡","7.0","","-2.4","","51","","25","","54","","16.1","","87.67","","","","","","NA"
"2017-04-01 08:00","2017","04","01","08:00","‡","7.0","","-2.7","","50","","26","","65","","16.1","","87.63","","","","","","NA"
"2017-04-01 09:00","2017","04","01","09:00","‡","7.5","","-2.3","","50","","26","","55","","16.1","","87.60","","","","","","NA"
"2017-04-01 10:00","2017","04","01","10:00","‡","8.6","","-1.6","","49","","27","","45","","16.1","","87.64","","","","","","NA"
"2017-04-01 11:00","2017","04","01","11:00","‡","10.1","","-1.1","","46","","27","","45","","16.1","","87.57","","","","","","NA"
"2017-04-01 12:00","2017","04","01","12:00","‡","10.0","","-1.3","","45","","25","","58","","16.1","","87.51","","","","","","NA"
"2017-04-01 13:00","2017","04","01","13:00","‡","10.5","","-1.3","","44","","26","","45","","16.1","","87.47","","","","","","NA"
"2017-04-01 14:00","2017","04","01","14:00","‡","9.5","","-0.7","","49","","27","","71","","16.1","","87.37","","","","","","NA"
"2017-04-01 15:00","2017","04","01","15:00","‡","10.1","","-0.9","","46","","26","","61","","16.1","","87.32","","","","","","NA"
"2017-04-01 16:00","2017","04","01","16:00","‡","9.3","","-0.9","","49","","26","","76","","16.1","","87.30","","","","","","NA"
"2017-04-01 17:00","2017","04","01","17:00","‡","8.4","","-1.9","","48","","26","","67","","16.1","","87.32","","","","","","NA"
"2017-04-01 18:00","2017","04","01","18:00","‡","7.9","","-2.0","","50","","26","","58","","16.1","","87.38","","","","","","NA"
"2017-04-01 19:00","2017","04","01","19:00","‡","6.6","","-2.6","","52","","25","","52","","16.1","","87.38","","","","","","NA"
"2017-04-01 20:00","2017","04","01","20:00","‡","5.9","","-3.0","","53","","26","","22","","16.1","","87.64","","","","","","NA"
"2017-04-01 21:00","2017","04","01","21:00","‡","6.3","","-3.6","","49","","","M","8","","16.1","","87.73","","","","","","NA"
"2017-04-01 22:00","2017","04","01","22:00","‡","5.6","","-3.7","","51","","26","","18","","16.1","","87.73","","","","","","NA"
"2017-04-01 23:00","2017","04","01","23:00","‡","3.4","","-3.6","","60","","21","","18","","16.1","","87.73","","","","","","NA"
"2017-04-02 00:00","2017","04","02","00:00","‡","4.2","","-3.3","","58","","23","","17","","16.1","","87.73","","","","","","NA"
"2017-04-02 01:00","2017","04","02","01:00","‡","2.9","","-3.0","","65","","26","","13","","16.1","","87.70","","","","","","NA"
"2017-04-02 02:00","2017","04","02","02:00","‡","0.9","","-3.6","","72","","26","","15","","16.1","","87.66","","","","","","NA"
"2017-04-02 03:00","2017","04","02","03:00","‡","1.2","","-2.9","","74","","25","","18","","16.1","","87.65","","","","","","NA"
"2017-04-02 04:00","2017","04","02","04:00","‡","1.9","","-3.6","","67","","27","","11","","16.1","","87.61","","","","","","NA"
"2017-04-02 05:00","2017","04","02","05:00","‡","2.1","","-3.7","","66","","24","","24","","16.1","","87.57","","","","","","NA"
"2017-04-02 06:00","2017","04","02","06:00","‡","0.6","","-3.9","","72","","24","","18","","16.1","","87.55","","","","","","NA"
"2017-04-02 07:00","2017","04","02","07:00","‡","2.2","","-3.9","","64","","27","","11","","16.1","","87.55","","","","","","NA"
"2017-04-02 08:00","2017","04","02","08:00","‡","6.1","","-4.1","","48","","28","","9","","16.1","","87.54","","","","","","NA"
"2017-04-02 09:00","2017","04","02","09:00","‡","7.0","","-5.7","","40","","25","","34","","16.1","","87.48","","","","","","NA"
"2017-04-02 10:00","2017","04","02","10:00","‡","9.0","","-7.9","","29","","26","","37","","16.1","","87.49","","","","","","NA"
"2017-04-02 11:00","2017","04","02","11:00","‡","8.8","","-7.8","","30","","26","","43","","16.1","","87.48","","","","","","NA"
"2017-04-02 12:00","2017","04","02","12:00","‡","9.3","","-8.9","","27","","26","","48","","16.1","","87.43","","","","","","NA"
"2017-04-02 13:00","2017","04","02","13:00","‡","9.6","","-8.9","","26","","26","","46","","16.1","","87.40","","","","","","NA"
"2017-04-02 14:00","2017","04","02","14:00","‡","9.8","","-7.5","","29","","26","","46","","16.1","","87.38","","","","","","NA"
"2017-04-02 15:00","2017","04","02","15:00","‡","8.9","","-5.5","","36","","23","","39","","16.1","","87.41","","","","","","NA"
"2017-04-02 16:00","2017","04","02","16:00","‡","3.8","","-0.3","","75","","5","","24","","16.1","","87.54","","","","","","NA"
"2017-04-02 17:00","2017","04","02","17:00","‡","0.4","","0.0","","97","","14","","9","","2.4","","87.66","","","","","","Snow"
"2017-04-02 18:00","2017","04","02","18:00","‡","0.2","","0.1","","99","","","","0","","3.2","","87.70","","","","","","Snow"
"2017-04-02 19:00","2017","04","02","19:00","‡","-0.2","","-0.3","","99","","5","","5","","1.2","","87.72","","","","-2","","Snow"
"2017-04-02 20:00","2017","04","02","20:00","‡","-0.2","","-0.7","","96","","29","","11","","6.4","","87.74","","","","-4","","Snow"
"2017-04-02 21:00","2017","04","02","21:00","‡","-0.3","","-0.4","","99","","28","","13","","1.6","","87.80","","","","-4","","Snow"
"2017-04-02 22:00","2017","04","02","22:00","‡","-0.4","","-0.5","","99","","28","","15","","1.2","","87.81","","","","-5","","Snow"
"2017-04-02 23:00","2017","04","02","23:00","‡","-0.9","","-1.3","","97","","33","","21","","2.8","","87.82","","","","-7","","Snow"
"2017-04-03 00:00","2017","04","03","00:00","‡","-1.1","","-1.5","","97","","33","","15","","4.8","","87.85","","","","-6","","Snow"
"2017-04-03 01:00","2017","04","03","01:00","‡","-1.4","","-1.7","","98","","33","","21","","1.2","","87.89","","","","-7","","Snow"
"2017-04-03 02:00","2017","04","03","02:00","‡","-1.6","","-1.9","","98","","31","","18","","2.8","","87.93","","","","-7","","Snow"
"2017-04-03 03:00","2017","04","03","03:00","‡","-1.7","","-1.8","","99","","30","","8","","1.2","","87.94","","","","-5","","Snow"
"2017-04-03 04:00","2017","04","03","04:00","‡","-1.8","","-2.1","","98","","30","","17","","1.2","","87.94","","","","-7","","Snow"
"2017-04-03 05:00","2017","04","03","05:00","‡","-2.0","","-2.3","","98","","33","","22","","1.6","","87.94","","","","-8","","Snow"
"2017-04-03 06:00","2017","04","03","06:00","‡","-2.0","","-2.7","","95","","33","","15","","2.8","","88.00","","","","-7","","Snow"
"2017-04-03 07:00","2017","04","03","07:00","‡","-2.3","","-2.7","","97","","25","","8","","1.6","","88.04","","","","-5","","Snow"
"2017-04-03 08:00","2017","04","03","08:00","‡","-2.5","","-3.2","","95","","23","","9","","8.1","","88.06","","","","-6","","Snow"
"2017-04-03 09:00","2017","04","03","09:00","‡","-3.1","","-3.9","","94","","22","","13","","16.1","","88.10","","","","-8","","NA"
"2017-04-03 10:00","2017","04","03","10:00","‡","-1.4","","-3.4","","86","","23","","11","","16.1","","88.15","","","","-5","","NA"
"2017-04-03 11:00","2017","04","03","11:00","‡","-0.2","","-3.2","","80","","22","","9","","16.1","","88.17","","","","-3","","NA"
"2017-04-03 12:00","2017","04","03","12:00","‡","0.3","","-3.6","","75","","22","","8","","16.1","","88.18","","","","","","NA"
"2017-04-03 13:00","2017","04","03","13:00","‡","0.6","","-3.2","","76","","21","","8","","","M","88.16","","","","","","NA"
"2017-04-03 14:00","2017","04","03","14:00","‡","1.1","","-4.1","","68","","21","","13","","16.1","","88.15","","","","","","NA"
"2017-04-03 15:00","2017","04","03","15:00","‡","1.4","","-3.9","","68","","22","","15","","16.1","","88.13","","","","","","NA"
"2017-04-03 16:00","2017","04","03","16:00","‡","1.7","","-4.5","","64","","21","","15","","","M","","M","","","","","NA"
"2017-04-03 17:00","2017","04","03","17:00","‡","2.0","","-5.3","","58","","21","","9","","16.1","","88.12","","","","","","NA"
"2017-04-03 18:00","2017","04","03","18:00","‡","1.3","","-5.8","","59","","19","","5","","16.1","","88.12","","","","","","NA"
"2017-04-03 19:00","2017","04","03","19:00","‡","0.5","","-3.4","","75","","28","","5","","16.1","","88.13","","","","","","NA"
"2017-04-03 20:00","2017","04","03","20:00","‡","-2.4","","-4.2","","88","","26","","13","","16.1","","88.13","","","","-7","","NA"
"2017-04-03 21:00","2017","04","03","21:00","‡","-3.4","","-5.0","","89","","24","","13","","16.1","","88.17","","","","-8","","NA"
"2017-04-03 22:00","2017","04","03","22:00","‡","-3.6","","-4.9","","91","","26","","13","","16.1","","88.17","","","","-8","","NA"
"2017-04-03 23:00","2017","04","03","23:00","‡","-4.5","","-5.9","","90","","27","","18","","","M","88.15","","","","-11","","NA"
"2017-04-04 00:00","2017","04","04","00:00","‡","-3.6","","-6.1","","83","","26","","18","","16.1","","88.15","","","","-9","","NA"
"2017-04-04 01:00","2017","04","04","01:00","‡","-4.0","","-6.5","","83","","","M","","M","","M","88.16","","","","","","NA"
"2017-04-04 02:00","2017","04","04","02:00","‡","-5.4","","-7.2","","87","","26","","18","","16.1","","88.17","","","","-12","","NA"
"2017-04-04 03:00","2017","04","04","03:00","‡","-4.9","","-7.4","","83","","27","","17","","16.1","","88.17","","","","-11","","NA"
"2017-04-04 04:00","2017","04","04","04:00","‡","","M","","M","","M","25","","21","","16.1","","","M","","","","","NA"
"2017-04-04 05:00","2017","04","04","05:00","‡","-3.9","","-7.5","","76","","26","","18","","16.1","","88.18","","","","-10","","NA"
"2017-04-04 06:00","2017","04","04","06:00","‡","-3.7","","-7.7","","74","","26","","18","","16.1","","","M","","","-10","","NA"
"2017-04-04 07:00","2017","04","04","07:00","‡","-2.8","","-7.0","","73","","26","","26","","16.1","","88.21","","","","-10","","NA"
"2017-04-04 08:00","2017","04","04","08:00","‡","-1.3","","-6.1","","70","","27","","24","","16.1","","88.23","","","","-7","","NA"
"2017-04-04 09:00","2017","04","04","09:00"
"2017-04-04 10:00","2017","04","04","10:00","‡","2.8","","-6.1","","52","","25","","30","","16.1","","88.19","","","","","","NA"
"2017-04-04 11:00","2017","04","04","11:00","‡","3.5","","-6.2","","49","","25","","37","","16.1","","88.17","","","","","","NA"
"2017-04-04 12:00","2017","04","04","12:00","‡","3.9","","-5.5","","50","","25","","37","","16.1","","88.13","","","","","","NA"
"2017-04-04 13:00","2017","04","04","13:00","‡","4.7","","-6.2","","45","","25","","37","","16.1","","88.07","","","","","","NA"
"2017-04-04 14:00","2017","04","04","14:00","‡","5.5","","-5.7","","44","","26","","37","","","M","88.00","","","","","","NA"
"2017-04-04 15:00","2017","04","04","15:00","‡","6.1","","-5.7","","43","","26","","37","","","M","87.94","","","","","","NA"
"2017-04-04 16:00","2017","04","04","16:00","‡","6.9","","-6.2","","39","","26","","37","","","M","87.93","","","","","","NA"
"2017-04-04 17:00","2017","04","04","17:00","‡","6.3","","-5.7","","42","","26","","34","","16.1","","87.94","","","","","","NA"
"2017-04-04 18:00","2017","04","04","18:00","‡","5.4","","-5.3","","46","","26","","26","","16.1","","87.93","","","","","","NA"
"2017-04-04 19:00","2017","04","04","19:00","‡","","M","","M","","M","25","","21","","16.1","","","M","","","","","NA"
"2017-04-04 20:00","2017","04","04","20:00","‡","2.3","","-5.9","","55","","","M","4","","16.1","","87.93","","","","","","NA"
"2017-04-04 21:00","2017","04","04","21:00","‡","2.6","","-6.9","","50","","20","","15","","16.1","","87.95","","","","","","NA"
"2017-04-04 22:00","2017","04","04","22:00","‡","2.1","","-6.5","","53","","24","","18","","16.1","","87.94","","","","","","NA"
"2017-04-04 23:00","2017","04","04","23:00","‡","2.0","","-6.6","","53","","23","","17","","","M","87.90","","","","","","NA"
"2017-04-05 00:00","2017","04","05","00:00","‡","2.9","","-7.6","","46","","","M","","M","","M","87.85","","","","","","NA"
"2017-04-05 01:00","2017","04","05","01:00","‡","2.9","","-7.7","","46","","25","","21","","16.1","","87.84","","","","","","NA"
"2017-04-05 02:00","2017","04","05","02:00","‡","4.0","","-7.9","","42","","25","","35","","","M","","M","","","","","NA"
"2017-04-05 03:00","2017","04","05","03:00","‡","4.4","","-7.7","","41","","26","","41","","16.1","","87.74","","","","","","NA"
"2017-04-05 04:00","2017","04","05","04:00","‡","","M","","M","","M","26","","50","","16.1","","","M","","","","","NA"
"2017-04-05 05:00","2017","04","05","05:00","‡","4.5","","-6.9","","43","","","M","","M","16.1","","87.68","","","","","","NA"
"2017-04-05 06:00","2017","04","05","06:00","‡","4.9","","-6.8","","42","","26","","41","","16.1","","87.74","","","","","","NA"
"2017-04-05 07:00","2017","04","05","07:00","‡","4.8","","-5.3","","48","","25","","55","","16.1","","87.68","","","","","","NA"
"2017-04-05 08:00","2017","04","05","08:00","‡","6.0","","-4.4","","47","","26","","39","","16.1","","87.77","","","","","","NA"
"2017-04-05 09:00","2017","04","05","09:00","‡","6.6","","-3.5","","49","","26","","37","","16.1","","87.75","","","","","","NA"
"2017-04-05 10:00","2017","04","05","10:00","‡","8.4","","-2.2","","47","","27","","43","","16.1","","87.74","","","","","","NA"
"2017-04-05 11:00","2017","04","05","11:00","‡","8.7","","-2.1","","46","","27","","39","","16.1","","87.74","","","","","","NA"
"2017-04-05 12:00","2017","04","05","12:00","‡","8.5","","-1.4","","50","","25","","63","","16.1","","87.70","","","","","","NA"
"2017-04-05 13:00","2017","04","05","13:00","‡","10.5","","-0.7","","46","","26","","45","","16.1","","87.77","","","","","","NA"
"2017-04-05 14:00","2017","04","05","14:00","‡","11.5","","-0.1","","45","","26","","39","","16.1","","87.79","","","","","","NA"
"2017-04-05 15:00","2017","04","05","15:00","‡","11.9","","0.6","","46","","25","","34","","16.1","","87.77","","","","","","NA"
"2017-04-05 16:00","2017","04","05","16:00","‡","12.4","","1.0","","45","","25","","45","","16.1","","87.75","","","","","","NA"
"2017-04-05 17:00","2017","04","05","17:00","‡","11.3","","1.0","","49","","25","","41","","16.1","","87.71","","","","","","NA"
"2017-04-05 18:00","2017","04","05","18:00","‡","10.5","","0.5","","50","","26","","30","","16.1","","87.74","","","","","","NA"
"2017-04-05 19:00","2017","04","05","19:00","‡","9.6","","0.5","","53","","25","","26","","16.1","","87.74","","","","","","NA"
"2017-04-05 20:00","2017","04","05","20:00","‡","8.7","","0.4","","56","","25","","24","","16.1","","87.74","","","","","","NA"
"2017-04-05 21:00","2017","04","05","21:00","‡","7.5","","0.7","","62","","27","","17","","16.1","","87.73","","","","","","NA"
"2017-04-05 22:00","2017","04","05","22:00","‡","5.9","","0.3","","67","","","M","4","","16.1","","87.70","","","","","","NA"
"2017-04-05 23:00","2017","04","05","23:00","‡","6.4","","0.9","","68","","24","","24","","16.1","","87.64","","","","","","NA"
"2017-04-06 00:00","2017","04","06","00:00","‡","5.0","","0.2","","71","","25","","18","","16.1","","87.63","","","","","","NA"
"2017-04-06 01:00","2017","04","06","01:00","‡","5.6","","0.6","","70","","28","","17","","16.1","","87.58","","","","","","NA"
"2017-04-06 02:00","2017","04","06","02:00","‡","2.0","","-1.0","","81","","27","","15","","16.1","","87.53","","","","","","NA"
"2017-04-06 03:00","2017","04","06","03:00","‡","2.2","","-0.6","","82","","26","","11","","16.1","","87.48","","","","","","NA"
"2017-04-06 04:00","2017","04","06","04:00","‡","2.2","","-0.6","","82","","26","","15","","16.1","","87.49","","","","","","NA"
"2017-04-06 05:00","2017","04","06","05:00","‡","3.3","","-0.1","","78","","","","0","","16.1","","87.47","","","","","","NA"
"2017-04-06 06:00","2017","04","06","06:00","‡","2.9","","-0.4","","79","","26","","15","","16.1","","87.45","","","","","","NA"
"2017-04-06 07:00","2017","04","06","07:00","‡","4.8","","1.7","","80","","24","","17","","16.1","","87.41","","","","","","NA"
"2017-04-06 08:00","2017","04","06","08:00","‡","10.2","","2.9","","60","","24","","13","","16.1","","87.37","","","","","","NA"
"2017-04-06 09:00","2017","04","06","09:00","‡","9.7","","3.3","","64","","15","","11","","16.1","","87.35","","","","","","NA"
"2017-04-06 10:00","2017","04","06","10:00","‡","11.0","","3.2","","58","","15","","8","","16.1","","87.32","","","","","","NA"
"2017-04-06 11:00","2017","04","06","11:00","‡","12.1","","2.7","","52","","19","","9","","16.1","","87.27","","","","","","NA"
"2017-04-06 12:00","2017","04","06","12:00","‡","12.6","","1.4","","46","","25","","5","","16.1","","87.22","","","","","","NA"
"2017-04-06 13:00","2017","04","06","13:00","‡","12.8","","1.9","","47","","","M","4","","16.1","","87.14","","","","","","NA"
"2017-04-06 14:00","2017","04","06","14:00","‡","14.7","","0.7","","38","","23","","22","","16.1","","87.06","","","","","","NA"
"2017-04-06 15:00","2017","04","06","15:00","‡","15.2","","0.5","","36","","24","","26","","16.1","","87.00","","","","","","NA"
"2017-04-06 16:00","2017","04","06","16:00","‡","12.2","","3.1","","54","","27","","30","","16.1","","87.05","","","","","","NA"
"2017-04-06 17:00","2017","04","06","17:00","‡","11.9","","1.9","","50","","26","","24","","16.1","","87.02","","","","","","NA"
"2017-04-06 18:00","2017","04","06","18:00","‡","10.8","","1.4","","52","","26","","22","","16.1","","87.02","","","","","","NA"
"2017-04-06 19:00","2017","04","06","19:00","‡","7.3","","1.3","","66","","25","","17","","16.1","","87.01","","","","","","NA"
"2017-04-06 20:00","2017","04","06","20:00","‡","7.1","","1.6","","68","","25","","24","","16.1","","87.03","","","","","","NA"
"2017-04-06 21:00","2017","04","06","21:00","‡","7.1","","1.0","","65","","25","","30","","16.1","","86.96","","","","","","NA"
"2017-04-06 22:00","2017","04","06","22:00","‡","7.0","","1.1","","66","","26","","24","","16.1","","86.95","","","","","","NA"
"2017-04-06 23:00","2017","04","06","23:00","‡","6.3","","-0.3","","63","","24","","11","","16.1","","86.93","","","","","","NA"
"2017-04-07 00:00","2017","04","07","00:00","‡","5.6","","-0.7","","64","","25","","18","","16.1","","86.87","","","","","","NA"
"2017-04-07 01:00","2017","04","07","01:00","‡","5.9","","-1.5","","59","","27","","9","","16.1","","86.87","","","","","","NA"
"2017-04-07 02:00","2017","04","07","02:00","‡","3.4","","-1.5","","70","","26","","17","","16.1","","86.77","","","","","","NA"
"2017-04-07 03:00","2017","04","07","03:00","‡","4.3","","-1.3","","67","","","M","4","","16.1","","86.68","","","","","","NA"
"2017-04-07 04:00","2017","04","07","04:00","‡","2.8","","-1.5","","73","","27","","15","","16.1","","86.61","","","","","","NA"
"2017-04-07 05:00","2017","04","07","05:00","‡","2.2","","-1.1","","79","","","M","8","","16.1","","86.54","","","","","","NA"
"2017-04-07 06:00","2017","04","07","06:00","‡","1.3","","-1.6","","81","","28","","5","","16.1","","86.47","","","","","","NA"
"2017-04-07 07:00","2017","04","07","07:00","‡","1.9","","-0.3","","85","","25","","11","","16.1","","86.41","","","","","","NA"
"2017-04-07 08:00","2017","04","07","08:00","‡","3.1","","0.0","","80","","29","","5","","16.1","","86.33","","","","","","Rain"
"2017-04-07 09:00","2017","04","07","09:00","‡","3.6","","2.0","","89","","26","","13","","16.1","","86.29","","","","","","Rain"
"2017-04-07 10:00","2017","04","07","10:00","‡","5.8","","2.9","","81","","32","","11","","16.1","","86.23","","","","","","NA"
"2017-04-07 11:00","2017","04","07","11:00","‡","9.0","","4.4","","73","","31","","15","","16.1","","86.16","","","","","","NA"
"2017-04-07 12:00","2017","04","07","12:00","‡","7.4","","3.9","","78","","25","","34","","16.1","","86.29","","","","","","Rain"
"2017-04-07 13:00","2017","04","07","13:00","‡","7.2","","3.4","","77","","26","","39","","16.1","","86.36","","","","","","NA"
"2017-04-07 14:00","2017","04","07","14:00","‡","9.6","","0.6","","53","","25","","54","","16.1","","86.22","","","","","","NA"
"2017-04-07 15:00","2017","04","07","15:00","‡","10.6","","-1.7","","42","","24","","67","","16.1","","86.09","","","","","","NA"
"2017-04-07 16:00","2017","04","07","16:00","‡","9.5","","-0.7","","49","","24","","43","","16.1","","86.19","","","","","","NA"
"2017-04-07 17:00","2017","04","07","17:00","‡","6.2","","-0.3","","63","","23","","34","","16.1","","86.38","","","","","","NA"
"2017-04-07 18:00","2017","04","07","18:00","‡","2.7","","1.3","","90","","24","","30","","6.4","","86.51","","","","","","Moderate Rain,Fog"
"2017-04-07 19:00","2017","04","07","19:00","‡","3.1","","1.3","","88","","30","","15","","16.1","","86.45","","","","","","NA"
"2017-04-07 20:00","2017","04","07","20:00","‡","2.7","","-0.6","","79","","24","","32","","16.1","","86.49","","","","","","NA"
"2017-04-07 21:00","2017","04","07","21:00","‡","3.6","","-1.1","","71","","24","","28","","16.1","","86.47","","","","","","NA"
"2017-04-07 22:00","2017","04","07","22:00","‡","3.9","","-2.3","","64","","25","","35","","16.1","","86.46","","","","","","NA"
"2017-04-07 23:00","2017","04","07","23:00","‡","3.7","","-2.8","","62","","27","","18","","16.1","","86.54","","","","","","NA"
"2017-04-08 00:00","2017","04","08","00:00","‡","4.4","","-3.8","","55","","25","","43","","16.1","","86.49","","","","","","NA"
"2017-04-08 01:00","2017","04","08","01:00","‡","4.0","","-4.3","","55","","25","","34","","16.1","","86.53","","","","","","NA"
"2017-04-08 02:00","2017","04","08","02:00","‡","4.2","","-5.9","","48","","26","","37","","16.1","","86.51","","","","","","NA"
"2017-04-08 03:00","2017","04","08","03:00","‡","3.7","","-6.1","","49","","26","","34","","16.1","","86.58","","","","","","NA"
"2017-04-08 04:00","2017","04","08","04:00","‡","3.2","","-6.0","","51","","26","","34","","16.1","","86.61","","","","","","NA"
"2017-04-08 05:00","2017","04","08","05:00","‡","2.9","","-6.0","","52","","26","","45","","16.1","","86.60","","","","","","NA"
"2017-04-08 06:00","2017","04","08","06:00","‡","2.4","","-5.6","","56","","26","","32","","16.1","","86.63","","","","","","NA"
"2017-04-08 07:00","2017","04","08","07:00","‡","3.5","","-6.1","","49","","25","","43","","16.1","","86.72","","","","","","NA"
"2017-04-08 08:00","2017","04","08","08:00","‡","5.0","","-5.5","","47","","25","","37","","16.1","","86.75","","","","","","NA"
"2017-04-08 09:00","2017","04","08","09:00","‡","6.4","","-5.5","","42","","26","","26","","16.1","","86.85","","","","","","NA"
"2017-04-08 10:00","2017","04","08","10:00","‡","7.7","","-5.8","","38","","26","","37","","16.1","","86.85","","","","","","NA"
"2017-04-08 11:00","2017","04","08","11:00","‡","8.8","","-7.3","","31","","27","","45","","16.1","","86.85","","","","","","NA"
"2017-04-08 12:00","2017","04","08","12:00","‡","10.1","","-8.2","","27","","26","","39","","16.1","","86.83","","","","","","NA"
"2017-04-08 13:00","2017","04","08","13:00","‡","9.8","","-7.3","","29","","27","","30","","16.1","","86.84","","","","","","NA"
"2017-04-08 14:00","2017","04","08","14:00","‡","10.3","","-6.7","","30","","27","","32","","16.1","","86.83","","","","","","NA"
"2017-04-08 15:00","2017","04","08","15:00","‡","10.6","","-6.8","","29","","26","","26","","16.1","","86.81","","","","","","NA"
"2017-04-08 16:00","2017","04","08","16:00","‡","10.1","","-6.9","","30","","26","","24","","16.1","","86.83","","","","","","NA"
"2017-04-08 17:00","2017","04","08","17:00","‡","9.3","","-7.0","","31","","23","","26","","16.1","","86.87","","","","","","NA"
"2017-04-08 18:00","2017","04","08","18:00","‡","8.3","","-6.6","","34","","24","","26","","16.1","","86.90","","","","","","NA"
"2017-04-08 19:00","2017","04","08","19:00","‡","6.4","","-5.5","","42","","25","","26","","16.1","","86.97","","","","","","NA"
"2017-04-08 20:00","2017","04","08","20:00","‡","5.5","","-5.5","","45","","24","","26","","16.1","","87.03","","","","","","NA"
"2017-04-08 21:00","2017","04","08","21:00","‡","4.2","","-4.3","","54","","26","","18","","16.1","","87.12","","","","","","NA"
"2017-04-08 22:00","2017","04","08","22:00","‡","4.9","","-0.7","","67","","1","","17","","16.1","","87.21","","","","","","NA"
"2017-04-08 23:00","2017","04","08","23:00","‡","3.6","","-0.6","","74","","1","","21","","16.1","","87.27","","","","","","NA"
"2017-04-09 00:00","2017","04","09","00:00","‡","3.1","","-0.7","","76","","3","","17","","16.1","","87.35","","","","","","NA"
"2017-04-09 01:00","2017","04","09","01:00","‡","2.7","","-0.4","","80","","2","","17","","16.1","","87.40","","","","","","NA"
"2017-04-09 02:00","2017","04","09","02:00","‡","2.5","","-0.3","","82","","2","","8","","16.1","","87.43","","","","","","NA"
"2017-04-09 03:00","2017","04","09","03:00","‡","0.3","","-0.1","","97","","25","","15","","3.2","","87.49","","","","","","Snow"
"2017-04-09 04:00","2017","04","09","04:00","‡","0.2","","0.1","","99","","23","","13","","1.6","","87.54","","","","","","Snow"
"2017-04-09 05:00","2017","04","09","05:00","‡","0.3","","0.0","","98","","25","","18","","2.4","","87.58","","","","","","Snow"
"2017-04-09 06:00","2017","04","09","06:00","‡","0.3","","0.0","","98","","31","","13","","4.0","","87.64","","","","","","Snow"
"2017-04-09 07:00","2017","04","09","07:00","‡","0.2","","0.1","","99","","35","","9","","4.8","","87.68","","","","","","Snow"
"2017-04-09 08:00","2017","04","09","08:00","‡","0.4","","0.1","","98","","35","","9","","16.1","","87.73","","","","","","Rain"
"2017-04-09 09:00","2017","04","09","09:00","‡","1.1","","0.1","","93","","","","0","","16.1","","87.78","","","","","","Rain"
"2017-04-09 10:00","2017","04","09","10:00","‡","0.6","","0.3","","98","","12","","11","","8.1","","87.85","","","","","","Snow"
"2017-04-09 11:00","2017","04","09","11:00","‡","0.9","","0.6","","98","","11","","9","","14.5","","87.90","","","","","","Snow"
"2017-04-09 12:00","2017","04","09","12:00","‡","2.7","","1.1","","89","","","M","4","","16.1","","87.91","","","","","","NA"
"2017-04-09 13:00","2017","04","09","13:00","‡","4.2","","-0.4","","72","","","M","4","","16.1","","87.93","","","","","","NA"
"2017-04-09 14:00","2017","04","09","14:00","‡","5.5","","-0.7","","64","","26","","26","","16.1","","87.94","","","","","","NA"
"2017-04-09 15:00","2017","04","09","15:00","‡","5.4","","-1.3","","62","","25","","26","","16.1","","87.94","","","","","","NA"
"2017-04-09 16:00","2017","04","09","16:00","‡","5.1","","-2.7","","57","","24","","32","","16.1","","87.96","","","","","","NA"
"2017-04-09 17:00","2017","04","09","17:00","‡","4.8","","-2.4","","60","","24","","21","","16.1","","87.98","","","","","","NA"
"2017-04-09 18:00","2017","04","09","18:00","‡","4.3","","-3.2","","58","","25","","18","","16.1","","87.98","","","","","","NA"
"2017-04-09 19:00","2017","04","09","19:00","‡","3.6","","-4.7","","55","","26","","18","","16.1","","87.98","","","","","","NA"
"2017-04-09 20:00","2017","04","09","20:00","‡","0.8","","-4.6","","67","","25","","13","","16.1","","87.99","","","","","","NA"
"2017-04-09 21:00","2017","04","09","21:00","‡","1.0","","-5.1","","64","","24","","21","","16.1","","88.01","","","","","","NA"
"2017-04-09 22:00","2017","04","09","22:00","‡","-0.3","","-5.9","","66","","24","","21","","16.1","","88.01","","","","-6","","NA"
"2017-04-09 23:00","2017","04","09","23:00","‡","-0.3","","-6.9","","61","","24","","15","","16.1","","88.00","","","","-5","","NA"
"2017-04-10 00:00","2017","04","10","00:00","‡","-1.0","","-7.4","","62","","24","","8","","16.1","","88.02","","","","-4","","NA"
"2017-04-10 01:00","2017","04","10","01:00","‡","-1.6","","-7.3","","65","","25","","32","","16.1","","87.94","","","","-9","","NA"
"2017-04-10 02:00","2017","04","10","02:00","‡","-0.8","","-7.6","","60","","27","","21","","16.1","","87.94","","","","-6","","NA"
"2017-04-10 03:00","2017","04","10","03:00","‡","-1.7","","-7.6","","64","","27","","15","","16.1","","87.92","","","","-7","","NA"
"2017-04-10 04:00","2017","04","10","04:00","‡","-2.7","","-7.6","","69","","36","","17","","16.1","","87.91","","","","-8","","NA"
"2017-04-10 05:00","2017","04","10","05:00","‡","-4.2","","-8.1","","75","","31","","11","","16.1","","87.90","","","","-9","","NA"
"2017-04-10 06:00","2017","04","10","06:00","‡","-3.2","","-7.6","","72","","28","","15","","16.1","","87.89","","","","-8","","NA"
"2017-04-10 07:00","2017","04","10","07:00","‡","-0.2","","-6.6","","62","","27","","24","","16.1","","87.85","","","","-6","","NA"
"2017-04-10 08:00","2017","04","10","08:00","‡","1.9","","-6.4","","54","","27","","24","","16.1","","87.84","","","","","","NA"
"2017-04-10 09:00","2017","04","10","09:00","‡","3.1","","-7.1","","47","","27","","30","","16.1","","87.79","","","","","","NA"
"2017-04-10 10:00","2017","04","10","10:00","‡","4.1","","-6.9","","45","","27","","22","","16.1","","87.79","","","","","","NA"
"2017-04-10 11:00","2017","04","10","11:00","‡","5.2","","-6.4","","43","","27","","30","","16.1","","87.73","","","","","","NA"
"2017-04-10 12:00","2017","04","10","12:00","‡","5.4","","-6.5","","42","","27","","32","","16.1","","87.68","","","","","","NA"
"2017-04-10 13:00","2017","04","10","13:00","‡","7.0","","-7.2","","36","","25","","30","","16.1","","87.66","","","","","","NA"
"2017-04-10 14:00","2017","04","10","14:00","‡","7.9","","-6.7","","35","","24","","24","","16.1","","87.64","","","","","","NA"
"2017-04-10 15:00","2017","04","10","15:00","‡","7.2","","-5.4","","40","","27","","28","","16.1","","87.63","","","","","","NA"
"2017-04-10 16:00","2017","04","10","16:00","‡","6.0","","-2.9","","53","","24","","35","","16.1","","87.68","","","","","","NA"
"2017-04-10 17:00","2017","04","10","17:00","‡","4.4","","-2.3","","62","","25","","30","","16.1","","87.72","","","","","","NA"
"2017-04-10 18:00","2017","04","10","18:00","‡","4.1","","-6.0","","48","","26","","37","","16.1","","87.73","","","","","","NA"
"2017-04-10 19:00","2017","04","10","19:00","‡","2.9","","-5.7","","53","","25","","39","","16.1","","87.77","","","","","","NA"
"2017-04-10 20:00","2017","04","10","20:00","‡","0.6","","-5.2","","65","","25","","22","","16.1","","87.82","","","","","","NA"
"2017-04-10 21:00","2017","04","10","21:00","‡","0.9","","-5.6","","62","","26","","26","","16.1","","87.83","","","","","","NA"
"2017-04-10 22:00","2017","04","10","22:00","‡","1.3","","-5.6","","60","","25","","43","","16.1","","87.81","","","","","","NA"
"2017-04-10 23:00","2017","04","10","23:00","‡","1.4","","-5.5","","60","","25","","39","","16.1","","87.84","","","","","","NA"
"2017-04-11 00:00","2017","04","11","00:00","‡","1.9","","-5.1","","60","","25","","39","","16.1","","87.86","","","","","","NA"
"2017-04-11 01:00","2017","04","11","01:00","‡","1.7","","-4.8","","62","","25","","39","","16.1","","87.88","","","","","","NA"
"2017-04-11 02:00","2017","04","11","02:00","‡","1.7","","-5.3","","60","","25","","28","","16.1","","87.93","","","","","","NA"
"2017-04-11 03:00","2017","04","11","03:00","‡","1.0","","-5.4","","62","","25","","34","","16.1","","87.95","","","","","","NA"
"2017-04-11 04:00","2017","04","11","04:00","‡","1.5","","-5.4","","60","","25","","34","","16.1","","87.98","","","","","","NA"
"2017-04-11 05:00","2017","04","11","05:00","‡","1.3","","-5.9","","59","","26","","22","","16.1","","88.04","","","","","","NA"
"2017-04-11 06:00","2017","04","11","06:00","‡","0.3","","-6.1","","62","","25","","22","","16.1","","88.07","","","","","","NA"
"2017-04-11 07:00","2017","04","11","07:00","‡","1.8","","-5.6","","58","","26","","28","","16.1","","88.10","","","","","","NA"
"2017-04-11 08:00","2017","04","11","08:00","‡","3.5","","-7.0","","46","","27","","43","","16.1","","88.14","","","","","","NA"
"2017-04-11 09:00","2017","04","11","09:00","‡","4.8","","-7.3","","41","","26","","34","","16.1","","88.15","","","","","","NA"
"2017-04-11 10:00","2017","04","11","10:00","‡","6.0","","-8.0","","36","","25","","35","","16.1","","88.14","","","","","","NA"
"2017-04-11 11:00","2017","04","11","11:00","‡","7.0","","-8.3","","33","","26","","30","","16.1","","88.11","","","","","","NA"
"2017-04-11 12:00","2017","04","11","12:00","‡","7.8","","-9.2","","29","","25","","22","","16.1","","88.11","","","","","","NA"
"2017-04-11 13:00","2017","04","11","13:00","‡","9.0","","-10.7","","24","","26","","24","","16.1","","88.08","","","","","","NA"
"2017-04-11 14:00","2017","04","11","14:00","‡","8.1","","-9.0","","29","","30","","17","","16.1","","88.08","","","","","","NA"
"2017-04-11 15:00","2017","04","11","15:00","‡","9.5","","-10.8","","23","","26","","18","","16.1","","88.05","","","","","","NA"
"2017-04-11 16:00","2017","04","11","16:00","‡","9.4","","-10.0","","24","","","M","17","","16.1","","88.02","","","","","","NA"
"2017-04-11 17:00","2017","04","11","17:00","‡","9.5","","-9.7","","25","","25","","18","","16.1","","88.03","","","","","","NA"
"2017-04-11 18:00","2017","04","11","18:00","‡","8.4","","-10.0","","26","","28","","15","","16.1","","88.03","","","","","","NA"
"2017-04-11 19:00","2017","04","11","19:00","‡","5.3","","-8.3","","37","","28","","9","","16.1","","88.05","","","","","","NA"
"2017-04-11 20:00","2017","04","11","20:00","‡","0.6","","-7.6","","55","","28","","11","","16.1","","88.09","","","","","","NA"
"2017-04-11 21:00","2017","04","11","21:00","‡","1.3","","-7.5","","52","","29","","9","","16.1","","88.12","","","","","","NA"
"2017-04-11 22:00","2017","04","11","22:00","‡","-0.6","","-6.4","","65","","29","","15","","16.1","","88.12","","","","-5","","NA"
"2017-04-11 23:00","2017","04","11","23:00","‡","-2.2","","-6.8","","71","","28","","13","","16.1","","88.12","","","","-7","","NA"
"2017-04-12 00:00","2017","04","12","00:00","‡","-3.1","","-6.9","","75","","26","","13","","16.1","","88.12","","","","-8","","NA"
"2017-04-12 01:00","2017","04","12","01:00","‡","-3.2","","-6.5","","78","","27","","8","","16.1","","88.15","","","","-6","","NA"
"2017-04-12 02:00","2017","04","12","02:00","‡","-2.8","","-5.5","","82","","25","","11","","16.1","","88.16","","","","-7","","NA"
"2017-04-12 03:00","2017","04","12","03:00","‡","-2.6","","-5.2","","83","","25","","9","","16.1","","88.18","","","","-6","","NA"
"2017-04-12 04:00","2017","04","12","04:00","‡","-2.3","","-4.5","","85","","25","","11","","16.1","","88.19","","","","-6","","NA"
"2017-04-12 05:00","2017","04","12","05:00","‡","-2.0","","-3.7","","88","","26","","13","","16.1","","88.20","","","","-6","","NA"
"2017-04-12 06:00","2017","04","12","06:00","‡","-1.8","","-4.0","","85","","24","","9","","16.1","","88.23","","","","-5","","NA"
"2017-04-12 07:00","2017","04","12","07:00","‡","-0.9","","-2.9","","86","","16","","8","","16.1","","88.26","","","","-4","","NA"
"2017-04-12 08:00","2017","04","12","08:00","‡","1.9","","-3.4","","68","","20","","5","","16.1","","88.30","","","","","","NA"
"2017-04-12 09:00","2017","04","12","09:00","‡","3.4","","-2.8","","64","","","M","8","","16.1","","88.29","","","","","","NA"
"2017-04-12 10:00","2017","04","12","10:00","‡","3.6","","-2.5","","64","","","","0","","16.1","","88.27","","","","","","NA"
"2017-04-12 11:00","2017","04","12","11:00","‡","5.6","","-2.1","","58","","8","","18","","16.1","","88.25","","","","","","NA"
"2017-04-12 12:00","2017","04","12","12:00","‡","5.1","","-2.4","","58","","8","","13","","16.1","","88.23","","","","","","NA"
"2017-04-12 13:00","2017","04","12","13:00","‡","3.9","","-0.2","","75","","7","","13","","16.1","","88.21","","","","","","Rain"
"2017-04-12 14:00","2017","04","12","14:00","‡","4.1","","1.2","","81","","9","","15","","16.1","","88.19","","","","","","Rain"
"2017-04-12 15:00","2017","04","12","15:00","‡","3.6","","0.8","","82","","5","","8","","16.1","","88.16","","","","","","Rain"
"2017-04-12 16:00","2017","04","12","16:00","‡","4.0","","1.3","","83","","35","","11","","16.1","","88.12","","","","","","NA"
"2017-04-12 17:00","2017","04","12","17:00","‡","3.8","","1.8","","87","","33","","15","","16.1","","88.08","","","","","","NA"
"2017-04-12 18:00","2017","04","12","18:00","‡","3.3","","1.8","","90","","34","","17","","16.1","","88.05","","","","","","Rain"
"2017-04-12 19:00","2017","04","12","19:00","‡","2.2","","1.3","","94","","34","","17","","16.1","","88.00","","","","","","Rain"
"2017-04-12 20:00","2017","04","12","20:00","‡","1.9","","1.3","","96","","32","","11","","16.1","","88.00","","","","","","Rain"
"2017-04-12 21:00","2017","04","12","21:00","‡","1.6","","1.3","","98","","31","","11","","8.1","","87.98","","","","","","Rain,Fog"
"2017-04-12 22:00","2017","04","12","22:00","‡","1.4","","1.1","","98","","31","","9","","8.1","","87.94","","","","","","Rain,Fog"
"2017-04-12 23:00","2017","04","12","23:00","‡","1.2","","0.9","","98","","31","","11","","8.1","","87.85","","","","","","Rain,Fog"
"2017-04-13 00:00","2017","04","13","00:00","‡","1.3","","1.0","","98","","28","","9","","16.1","","87.78","","","","","","NA"
"2017-04-13 01:00","2017","04","13","01:00","‡","1.5","","1.1","","97","","29","","9","","16.1","","87.71","","","","","","NA"
"2017-04-13 02:00","2017","04","13","02:00","‡","1.6","","1.3","","98","","27","","5","","6.4","","87.61","","","","","","Fog"
"2017-04-13 03:00","2017","04","13","03:00","‡","1.7","","1.6","","99","","","","0","","6.4","","87.46","","","","","","Rain,Fog"
"2017-04-13 04:00","2017","04","13","04:00","‡","1.8","","1.7","","99","","27","","4","","2.4","","87.40","","","","","","Rain,Fog"
"2017-04-13 05:00","2017","04","13","05:00","‡","1.8","","1.7","","99","","30","","8","","1.6","","87.36","","","","","","Rain,Fog"
"2017-04-13 06:00","2017","04","13","06:00","‡","1.4","","1.3","","99","","31","","11","","11.3","","87.29","","","","","","Rain"
"2017-04-13 07:00","2017","04","13","07:00","‡","2.0","","1.7","","98","","29","","13","","16.1","","87.27","","","","","","Rain"
"2017-04-13 08:00","2017","04","13","08:00","‡","2.3","","1.8","","96","","31","","15","","16.1","","87.20","","","","","","Rain"
"2017-04-13 09:00","2017","04","13","09:00","‡","2.7","","2.1","","96","","28","","15","","16.1","","87.22","","","","","","NA"
"2017-04-13 10:00","2017","04","13","10:00","‡","4.5","","3.3","","92","","28","","18","","16.1","","87.19","","","","","","NA"
"2017-04-13 11:00","2017","04","13","11:00","‡","6.1","","3.7","","85","","32","","13","","16.1","","87.14","","","","","","NA"
"2017-04-13 12:00","2017","04","13","12:00","‡","7.1","","3.7","","79","","1","","5","","16.1","","87.07","","","","","","NA"
"2017-04-13 13:00","2017","04","13","13:00","‡","9.0","","4.6","","74","","","M","4","","16.1","","87.04","","","","","","NA"
"2017-04-13 14:00","2017","04","13","14:00","‡","11.1","","5.4","","68","","","M","4","","16.1","","87.01","","","","","","NA"
"2017-04-13 15:00","2017","04","13","15:00","‡","12.1","","1.7","","49","","26","","17","","16.1","","86.95","","","","","","NA"
"2017-04-13 16:00","2017","04","13","16:00","‡","12.0","","1.3","","48","","24","","22","","16.1","","86.94","","","","","","NA"
"2017-04-13 17:00","2017","04","13","17:00","‡","11.1","","3.0","","57","","24","","28","","16.1","","86.98","","","","","","NA"
"2017-04-13 18:00","2017","04","13","18:00","‡","8.9","","0.3","","55","","25","","34","","16.1","","87.09","","","","","","NA"
"2017-04-13 19:00","2017","04","13","19:00","‡","7.1","","-1.1","","56","","25","","30","","16.1","","87.14","","","","","","NA"
"2017-04-13 20:00","2017","04","13","20:00","‡","5.8","","-1.8","","58","","25","","28","","16.1","","87.07","","","","","","NA"
"2017-04-13 21:00","2017","04","13","21:00","‡","3.2","","-2.0","","69","","26","","15","","16.1","","87.03","","","","","","NA"
"2017-04-13 22:00","2017","04","13","22:00","‡","4.9","","-2.9","","57","","25","","37","","16.1","","86.99","","","","","","NA"
"2017-04-13 23:00","2017","04","13","23:00","‡","4.5","","-3.1","","58","","25","","37","","16.1","","87.07","","","","","","NA"
"2017-04-14 00:00","2017","04","14","00:00","‡","4.2","","-2.9","","60","","26","","22","","16.1","","87.06","","","","","","NA"
"2017-04-14 01:00","2017","04","14","01:00","‡","4.0","","-3.1","","60","","26","","28","","16.1","","87.06","","","","","","NA"
"2017-04-14 02:00","2017","04","14","02:00","‡","3.8","","-3.1","","61","","26","","28","","16.1","","87.07","","","","","","NA"
"2017-04-14 03:00","2017","04","14","03:00","‡","4.0","","-3.7","","57","","26","","37","","16.1","","87.09","","","","","","NA"
"2017-04-14 04:00","2017","04","14","04:00","‡","3.8","","-4.4","","55","","25","","35","","16.1","","87.07","","","","","","NA"
"2017-04-14 05:00","2017","04","14","05:00","‡","3.6","","-4.9","","54","","26","","35","","16.1","","87.12","","","","","","NA"
"2017-04-14 06:00","2017","04","14","06:00","‡","3.3","","-4.9","","55","","26","","39","","16.1","","87.09","","","","","","NA"
"2017-04-14 07:00","2017","04","14","07:00","‡","3.7","","-4.8","","54","","26","","34","","16.1","","87.11","","","","","","NA"
"2017-04-14 08:00","2017","04","14","08:00","‡","6.0","","-5.7","","43","","26","","41","","16.1","","87.11","","","","","","NA"
"2017-04-14 09:00","2017","04","14","09:00","‡","6.5","","-6.5","","39","","28","","30","","16.1","","87.19","","","","","","NA"
"2017-04-14 10:00","2017","04","14","10:00","‡","8.3","","-7.3","","32","","29","","43","","16.1","","87.18","","","","","","NA"
"2017-04-14 11:00","2017","04","14","11:00","‡","9.3","","-6.5","","32","","27","","39","","16.1","","87.23","","","","","","NA"
"2017-04-14 12:00","2017","04","14","12:00","‡","10.2","","-7.4","","28","","28","","32","","16.1","","87.22","","","","","","NA"
"2017-04-14 13:00","2017","04","14","13:00","‡","7.5","","-2.6","","49","","24","","50","","16.1","","87.23","","","","","","NA"
"2017-04-14 14:00","2017","04","14","14:00","‡","9.0","","-4.1","","39","","28","","37","","16.1","","87.27","","","","","","NA"
"2017-04-14 15:00","2017","04","14","15:00","‡","6.8","","-1.2","","57","","26","","50","","16.1","","87.33","","","","","","NA"
"2017-04-14 16:00","2017","04","14","16:00","‡","7.3","","-2.2","","51","","26","","52","","16.1","","87.32","","","","","","NA"
"2017-04-14 17:00","2017","04","14","17:00","‡","6.7","","-2.4","","52","","25","","50","","16.1","","87.37","","","","","","NA"
"2017-04-14 18:00","2017","04","14","18:00","‡","5.7","","-2.5","","56","","26","","39","","16.1","","87.43","","","","","","NA"
"2017-04-14 19:00","2017","04","14","19:00","‡","4.3","","-2.9","","59","","25","","32","","16.1","","87.48","","","","","","NA"
"2017-04-14 20:00","2017","04","14","20:00","‡","3.0","","-3.4","","63","","26","","30","","16.1","","87.51","","","","","","NA"
"2017-04-14 21:00","2017","04","14","21:00","‡","2.9","","-3.7","","62","","27","","39","","16.1","","87.50","","","","","","NA"
"2017-04-14 22:00","2017","04","14","22:00","‡","2.6","","-4.2","","61","","27","","39","","16.1","","87.48","","","","","","NA"
"2017-04-14 23:00","2017","04","14","23:00","‡","2.2","","-3.7","","65","","26","","37","","16.1","","87.53","","","","","","NA"
"2017-04-15 00:00","2017","04","15","00:00","‡","2.1","","-4.2","","63","","26","","30","","16.1","","87.55","","","","","","NA"
"2017-04-15 01:00","2017","04","15","01:00","‡","2.3","","-4.2","","62","","26","","35","","16.1","","87.56","","","","","","NA"
"2017-04-15 02:00","2017","04","15","02:00","‡","1.8","","-4.6","","63","","27","","30","","16.1","","87.58","","","","","","NA"
"2017-04-15 03:00","2017","04","15","03:00","‡","2.0","","-4.8","","61","","25","","37","","16.1","","87.60","","","","","","NA"
"2017-04-15 04:00","2017","04","15","04:00","‡","1.7","","-4.9","","62","","25","","35","","16.1","","87.62","","","","","","NA"
"2017-04-15 05:00","2017","04","15","05:00","‡","1.5","","-5.5","","60","","25","","41","","16.1","","87.62","","","","","","NA"
"2017-04-15 06:00","2017","04","15","06:00","‡","1.1","","-6.4","","57","","25","","37","","16.1","","87.65","","","","","","NA"
"2017-04-15 07:00","2017","04","15","07:00","‡","1.5","","-7.0","","53","","26","","43","","16.1","","87.72","","","","","","NA"
"2017-04-15 08:00","2017","04","15","08:00","‡","2.7","","-7.0","","49","","25","","54","","16.1","","87.70","","","","","","NA"
"2017-04-15 09:00","2017","04","15","09:00","‡","4.4","","-7.5","","42","","25","","58","","16.1","","87.70","","","","","","NA"
"2017-04-15 10:00","2017","04","15","10:00","‡","6.2","","-7.3","","37","","25","","58","","16.1","","87.68","","","","","","NA"
"2017-04-15 11:00","2017","04","15","11:00","‡","5.0","","-6.9","","42","","25","","48","","16.1","","87.70","","","","","","NA"
"2017-04-15 12:00","2017","04","15","12:00","‡","6.5","","-6.7","","39","","26","","48","","16.1","","87.74","","","","","","NA"
"2017-04-15 13:00","2017","04","15","13:00","‡","5.7","","-6.6","","41","","26","","54","","16.1","","87.69","","","","","","NA"
"2017-04-15 14:00","2017","04","15","14:00","‡","7.1","","-6.1","","38","","25","","48","","16.1","","87.80","","","","","","NA"
"2017-04-15 15:00","2017","04","15","15:00","‡","6.6","","-7.0","","37","","25","","34","","16.1","","87.85","","","","","","NA"
"2017-04-15 16:00","2017","04","15","16:00","‡","7.9","","-7.5","","33","","26","","39","","16.1","","87.85","","","","","","NA"
"2017-04-15 17:00","2017","04","15","17:00","‡","5.7","","-6.1","","42","","26","","52","","16.1","","87.86","","","","","","NA"
"2017-04-15 18:00","2017","04","15","18:00","‡","5.1","","-5.8","","45","","25","","48","","16.1","","87.85","","","","","","NA"
"2017-04-15 19:00","2017","04","15","19:00","‡","3.5","","-5.2","","53","","25","","37","","16.1","","87.94","","","","","","NA"
"2017-04-15 20:00","2017","04","15","20:00","‡","3.0","","-5.9","","52","","25","","32","","16.1","","88.00","","","","","","NA"
"2017-04-15 21:00","2017","04","15","21:00","‡","2.0","","-5.1","","59","","25","","24","","16.1","","88.09","","","","","","NA"
"2017-04-15 22:00","2017","04","15","22:00","‡","1.0","","-5.5","","62","","24","","13","","16.1","","88.16","","","","","","NA"
"2017-04-15 23:00","2017","04","15","23:00","‡","-2.6","","-3.5","","94","","13","","17","","16.1","","88.24","","","","-8","","NA"
"2017-04-16 00:00","2017","04","16","00:00","‡","-3.1","","-3.8","","95","","15","","17","","16.1","","88.26","","","","-9","","NA"
"2017-04-16 01:00","2017","04","16","01:00","‡","-4.2","","-5.3","","92","","13","","13","","16.1","","88.29","","","","-9","","NA"
"2017-04-16 02:00","2017","04","16","02:00","‡","-4.6","","-5.4","","94","","14","","15","","16.1","","88.30","","","","-10","","NA"
"2017-04-16 03:00","2017","04","16","03:00","‡","-5.0","","-5.7","","95","","","M","4","","16.1","","88.33","","","","-7","","NA"
"2017-04-16 04:00","2017","04","16","04:00","‡","-6.4","","-6.5","","99","","31","","11","","12.9","","88.34","","","","-11","","NA"
"2017-04-16 05:00","2017","04","16","05:00","‡","-6.7","","-6.7","","100","","36","","8","","0.4","","88.38","","","","-11","","Freezing Fog"
"2017-04-16 06:00","2017","04","16","06:00","‡","-7.5","","-7.9","","97","","","M","4","","4.8","","88.41","","","","-10","","Fog"
"2017-04-16 07:00","2017","04","16","07:00","‡","-4.8","","-5.1","","98","","","M","4","","12.9","","88.47","","","","-7","","NA"
"2017-04-16 08:00","2017","04","16","08:00","‡","-2.6","","-2.8","","99","","13","","11","","16.1","","88.48","","","","-7","","NA"
"2017-04-16 09:00","2017","04","16","09:00","‡","-2.2","","-2.8","","96","","10","","8","","16.1","","88.53","","","","-5","","NA"
"2017-04-16 10:00","2017","04","16","10:00","‡","0.7","","-2.1","","81","","13","","11","","16.1","","88.53","","","","","","NA"
"2017-04-16 11:00","2017","04","16","11:00","‡","2.8","","-2.6","","68","","10","","11","","16.1","","88.47","","","","","","NA"
"2017-04-16 12:00","2017","04","16","12:00","‡","5.8","","-2.5","","55","","12","","17","","16.1","","88.42","","","","","","NA"
"2017-04-16 13:00","2017","04","16","13:00","‡","7.4","","-3.5","","46","","9","","11","","16.1","","88.36","","","","","","NA"
"2017-04-16 14:00","2017","04","16","14:00","‡","9.1","","-5.1","","36","","13","","21","","16.1","","88.29","","","","","","NA"
"2017-04-16 15:00","2017","04","16","15:00","‡","9.0","","-5.2","","36","","11","","13","","16.1","","88.27","","","","","","NA"
"2017-04-16 16:00","2017","04","16","16:00","‡","9.6","","-5.6","","34","","12","","22","","16.1","","88.19","","","","","","NA"
"2017-04-16 17:00","2017","04","16","17:00","‡","9.5","","-6.3","","32","","10","","28","","16.1","","88.15","","","","","","NA"
"2017-04-16 18:00","2017","04","16","18:00","‡","8.2","","-6.2","","36","","11","","30","","16.1","","88.11","","","","","","NA"
"2017-04-16 19:00","2017","04","16","19:00","‡","5.7","","-5.0","","46","","11","","26","","16.1","","88.09","","","","","","NA"
"2017-04-16 20:00","2017","04","16","20:00","‡","4.4","","-4.1","","54","","10","","28","","16.1","","88.07","","","","","","NA"
"2017-04-16 21:00","2017","04","16","21:00","‡","2.4","","-4.2","","62","","10","","15","","16.1","","88.08","","","","","","NA"
"2017-04-16 22:00","2017","04","16","22:00","‡","1.4","","-4.7","","64","","12","","11","","16.1","","88.02","","","","","","NA"
"2017-04-16 23:00","2017","04","16","23:00","‡","0.3","","-4.9","","68","","9","","13","","16.1","","87.94","","","","","","NA"
"2017-04-17 00:00","2017","04","17","00:00","‡","-2.2","","-6.0","","75","","","M","4","","16.1","","87.87","","","","-4","","NA"
"2017-04-17 01:00","2017","04","17","01:00","‡","-2.4","","-4.6","","85","","27","","11","","16.1","","87.78","","","","-6","","NA"
"2017-04-17 02:00","2017","04","17","02:00","‡","-1.5","","-4.0","","83","","30","","13","","16.1","","87.68","","","","-6","","NA"
"2017-04-17 03:00","2017","04","17","03:00","‡","-1.6","","-4.2","","82","","33","","5","","16.1","","87.60","","","","-3","","NA"
"2017-04-17 04:00","2017","04","17","04:00","‡","-1.5","","-3.7","","85","","27","","9","","16.1","","87.54","","","","-5","","NA"
"2017-04-17 05:00","2017","04","17","05:00","‡","-0.6","","-3.5","","81","","27","","8","","16.1","","87.48","","","","-3","","NA"
"2017-04-17 06:00","2017","04","17","06:00","‡","-0.6","","-3.2","","83","","28","","8","","16.1","","87.44","","","","-3","","NA"
"2017-04-17 07:00","2017","04","17","07:00","‡","0.6","","-3.0","","77","","26","","9","","16.1","","87.40","","","","","","NA"
"2017-04-17 08:00","2017","04","17","08:00","‡","2.1","","-3.5","","67","","26","","4","","16.1","","87.37","","","","","","NA"
"2017-04-17 09:00","2017","04","17","09:00","‡","4.0","","-3.6","","58","","30","","9","","16.1","","87.30","","","","","","NA"
"2017-04-17 10:00","2017","04","17","10:00","‡","5.8","","-3.3","","52","","28","","9","","16.1","","87.26","","","","","","NA"
"2017-04-17 11:00","2017","04","17","11:00","‡","7.7","","-3.2","","46","","35","","8","","16.1","","87.24","","","","","","NA"
"2017-04-17 12:00","2017","04","17","12:00","‡","9.2","","-1.7","","46","","","M","4","","16.1","","87.22","","","","","","NA"
"2017-04-17 13:00","2017","04","17","13:00","‡","12.7","","-2.6","","34","","24","","22","","16.1","","87.20","","","","","","NA"
"2017-04-17 14:00","2017","04","17","14:00","‡","13.7","","-1.5","","35","","23","","28","","16.1","","87.18","","","","","","NA"
"2017-04-17 15:00","2017","04","17","15:00","‡","12.6","","-1.9","","36","","26","","39","","16.1","","87.21","","","","","","NA"
"2017-04-17 16:00","2017","04","17","16:00","‡","10.5","","-1.8","","42","","26","","46","","16.1","","87.29","","","","","","NA"
"2017-04-17 17:00","2017","04","17","17:00","‡","10.1","","-1.4","","45","","26","","45","","16.1","","87.35","","","","","","NA"
"2017-04-17 18:00","2017","04","17","18:00","‡","9.8","","-0.6","","48","","25","","41","","16.1","","87.41","","","","","","NA"
"2017-04-17 19:00","2017","04","17","19:00","‡","8.1","","-0.1","","56","","26","","30","","16.1","","87.43","","","","","","NA"
"2017-04-17 20:00","2017","04","17","20:00","‡","6.0","","-0.1","","65","","25","","34","","16.1","","87.49","","","","","","NA"
"2017-04-17 21:00","2017","04","17","21:00","‡","5.5","","0.1","","68","","25","","26","","16.1","","87.55","","","","","","NA"
"2017-04-17 22:00","2017","04","17","22:00","‡","5.6","","0.4","","69","","26","","26","","16.1","","87.55","","","","","","NA"
"2017-04-17 23:00","2017","04","17","23:00","‡","5.3","","0.3","","70","","26","","17","","16.1","","87.55","","","","","","NA"
"2017-04-18 00:00","2017","04","18","00:00","‡","5.0","","0.2","","71","","29","","17","","16.1","","87.56","","","","","","NA"
"2017-04-18 01:00","2017","04","18","01:00","‡","5.3","","0.5","","71","","28","","24","","16.1","","87.53","","","","","","NA"
"2017-04-18 02:00","2017","04","18","02:00","‡","4.6","","-0.1","","72","","25","","21","","16.1","","87.49","","","","","","NA"
"2017-04-18 03:00","2017","04","18","03:00","‡","5.5","","-0.3","","66","","27","","30","","16.1","","87.44","","","","","","NA"
"2017-04-18 04:00","2017","04","18","04:00","‡","4.0","","-0.4","","73","","28","","17","","16.1","","87.45","","","","","","NA"
"2017-04-18 05:00","2017","04","18","05:00","‡","3.8","","-0.2","","75","","26","","15","","16.1","","87.46","","","","","","NA"
"2017-04-18 06:00","2017","04","18","06:00","‡","4.6","","0.0","","72","","25","","21","","16.1","","87.47","","","","","","NA"
"2017-04-18 07:00","2017","04","18","07:00","‡","6.4","","0.5","","66","","25","","26","","16.1","","87.49","","","","","","NA"
"2017-04-18 08:00","2017","04","18","08:00","‡","8.4","","-0.5","","54","","24","","34","","16.1","","87.48","","","","","","NA"
"2017-04-18 09:00","2017","04","18","09:00","‡","9.1","","-1.5","","47","","25","","24","","16.1","","87.50","","","","","","NA"
"2017-04-18 10:00","2017","04","18","10:00","‡","10.9","","-1.8","","41","","25","","39","","16.1","","87.45","","","","","","NA"
"2017-04-18 11:00","2017","04","18","11:00","‡","12.2","","-2.1","","37","","24","","41","","16.1","","87.44","","","","","","NA"
"2017-04-18 12:00","2017","04","18","12:00","‡","13.0","","-2.2","","35","","27","","32","","16.1","","87.44","","","","","","NA"
"2017-04-18 13:00","2017","04","18","13:00","‡","12.0","","-2.0","","38","","26","","34","","16.1","","87.44","","","","","","NA"
"2017-04-18 14:00","2017","04","18","14:00","‡","14.0","","-1.5","","34","","24","","34","","16.1","","87.41","","","","","","NA"
"2017-04-18 15:00","2017","04","18","15:00","‡","13.3","","-0.8","","38","","23","","34","","16.1","","87.41","","","","","","NA"
"2017-04-18 16:00","2017","04","18","16:00","‡","13.1","","-1.1","","37","","23","","34","","16.1","","87.42","","","","","","NA"
"2017-04-18 17:00","2017","04","18","17:00","‡","11.9","","-1.0","","41","","24","","30","","16.1","","87.49","","","","","","NA"
"2017-04-18 18:00","2017","04","18","18:00","‡","11.1","","-1.5","","42","","25","","39","","16.1","","87.50","","","","","","NA"
"2017-04-18 19:00","2017","04","18","19:00","‡","9.6","","-0.8","","48","","26","","24","","16.1","","87.55","","","","","","NA"
"2017-04-18 20:00","2017","04","18","20:00","‡","7.9","","-1.9","","50","","25","","30","","16.1","","87.61","","","","","","NA"
"2017-04-18 21:00","2017","04","18","21:00","‡","5.9","","-2.2","","56","","28","","13","","16.1","","87.67","","","","","","NA"
"2017-04-18 22:00","2017","04","18","22:00","‡","5.0","","-1.0","","65","","24","","22","","16.1","","87.71","","","","","","NA"
"2017-04-18 23:00","2017","04","18","23:00","‡","4.1","","-1.5","","67","","27","","24","","16.1","","87.72","","","","","","NA"
"2017-04-19 00:00","2017","04","19","00:00","‡","2.9","","0.0","","81","","27","","13","","16.1","","87.74","","","","","","NA"
"2017-04-19 01:00","2017","04","19","01:00","‡","4.6","","-1.6","","64","","25","","39","","16.1","","87.76","","","","","","NA"
"2017-04-19 02:00","2017","04","19","02:00","‡","4.7","","-2.4","","60","","25","","34","","16.1","","87.81","","","","","","NA"
"2017-04-19 03:00","2017","04","19","03:00","‡","3.7","","-2.7","","63","","25","","28","","16.1","","87.84","","","","","","NA"
"2017-04-19 04:00","2017","04","19","04:00","‡","3.4","","-3.2","","62","","25","","32","","16.1","","87.88","","","","","","NA"
"2017-04-19 05:00","2017","04","19","05:00","‡","3.6","","-3.5","","60","","26","","34","","16.1","","87.91","","","","","","NA"
"2017-04-19 06:00","2017","04","19","06:00","‡","3.9","","-3.6","","58","","27","","26","","16.1","","87.97","","","","","","NA"
"2017-04-19 07:00","2017","04","19","07:00","‡","5.7","","-3.4","","52","","26","","37","","16.1","","88.01","","","","","","NA"
"2017-04-19 08:00","2017","04","19","08:00","‡","7.7","","-5.1","","40","","27","","50","","16.1","","87.96","","","","","","NA"
"2017-04-19 09:00","2017","04","19","09:00","‡","9.8","","-5.3","","34","","26","","32","","16.1","","88.12","","","","","","NA"
"2017-04-19 10:00","2017","04","19","10:00","‡","11.0","","-5.7","","31","","25","","32","","16.1","","88.16","","","","","","NA"
"2017-04-19 11:00","2017","04","19","11:00","‡","11.9","","-5.8","","28","","26","","37","","16.1","","88.19","","","","","","NA"
"2017-04-19 12:00","2017","04","19","12:00","‡","11.8","","-6.7","","27","","25","","48","","16.1","","88.19","","","","","","NA"
"2017-04-19 13:00","2017","04","19","13:00","‡","12.2","","-5.2","","29","","26","","37","","16.1","","88.21","","","","","","NA"
"2017-04-19 14:00","2017","04","19","14:00","‡","13.4","","-6.2","","25","","27","","30","","16.1","","88.25","","","","","","NA"
"2017-04-19 15:00","2017","04","19","15:00","‡","13.6","","-6.3","","24","","27","","30","","16.1","","88.23","","","","","","NA"
"2017-04-19 16:00","2017","04","19","16:00","‡","13.3","","-6.6","","25","","26","","26","","16.1","","88.20","","","","","","NA"
"2017-04-19 17:00","2017","04","19","17:00","‡","13.4","","-7.1","","23","","27","","22","","16.1","","88.20","","","","","","NA"
"2017-04-19 18:00","2017","04","19","18:00","‡","11.8","","-7.4","","25","","28","","28","","16.1","","88.18","","","","","","NA"
"2017-04-19 19:00","2017","04","19","19:00","‡","10.4","","-7.4","","28","","26","","22","","16.1","","88.19","","","","","","NA"
"2017-04-19 20:00","2017","04","19","20:00","‡","5.1","","-6.8","","42","","26","","13","","16.1","","88.22","","","","","","NA"
"2017-04-19 21:00","2017","04","19","21:00","‡","2.9","","-6.1","","52","","23","","18","","16.1","","88.25","","","","","","NA"
"2017-04-19 22:00","2017","04","19","22:00","‡","3.0","","-5.4","","54","","24","","21","","16.1","","88.23","","","","","","NA"
"2017-04-19 23:00","2017","04","19","23:00","‡","2.5","","-5.0","","58","","24","","21","","16.1","","88.23","","","","","","NA"
"2017-04-20 00:00","2017","04","20","00:00","‡","2.0","","-5.1","","60","","24","","17","","16.1","","88.22","","","","","","NA"
"2017-04-20 01:00","2017","04","20","01:00","‡","0.9","","-5.0","","65","","27","","13","","16.1","","88.19","","","","","","NA"
"2017-04-20 02:00","2017","04","20","02:00","‡","1.3","","-5.8","","59","","27","","13","","16.1","","88.15","","","","","","NA"
"2017-04-20 03:00","2017","04","20","03:00","‡","0.3","","-4.5","","70","","26","","18","","16.1","","88.11","","","","","","NA"
"2017-04-20 04:00","2017","04","20","04:00","‡","-0.4","","-4.6","","73","","26","","18","","16.1","","88.09","","","","-5","","NA"
"2017-04-20 05:00","2017","04","20","05:00","‡","-0.3","","-4.6","","73","","13","","11","","16.1","","88.08","","","","-4","","NA"
"2017-04-20 06:00","2017","04","20","06:00","‡","0.2","","-4.1","","73","","26","","13","","16.1","","88.07","","","","","","NA"
"2017-04-20 07:00","2017","04","20","07:00","‡","0.8","","-3.0","","76","","31","","8","","16.1","","88.08","","","","","","NA"
"2017-04-20 08:00","2017","04","20","08:00","‡","1.9","","-2.8","","71","","31","","9","","16.1","","88.05","","","","","","NA"
"2017-04-20 09:00","2017","04","20","09:00","‡","5.1","","-2.1","","60","","30","","11","","16.1","","88.01","","","","","","NA"
"2017-04-20 10:00","2017","04","20","10:00","‡","7.7","","-2.2","","50","","33","","8","","16.1","","87.99","","","","","","NA"
"2017-04-20 11:00","2017","04","20","11:00","‡","10.6","","-3.8","","36","","30","","8","","16.1","","87.96","","","","","","NA"
"2017-04-20 12:00","2017","04","20","12:00","‡","11.5","","-4.6","","32","","","M","4","","16.1","","87.92","","","","","","NA"
"2017-04-20 13:00","2017","04","20","13:00","‡","13.9","","-4.6","","27","","","M","11","","16.1","","87.89","","","","","","NA"
"2017-04-20 14:00","2017","04","20","14:00","‡","12.1","","-1.7","","38","","28","","9","","16.1","","87.91","","","","","","NA"
"2017-04-20 15:00","2017","04","20","15:00","‡","13.5","","-1.3","","36","","27","","28","","16.1","","87.87","","","","","","NA"
"2017-04-20 16:00","2017","04","20","16:00","‡","12.6","","-1.6","","37","","25","","34","","16.1","","87.88","","","","","","NA"
"2017-04-20 17:00","2017","04","20","17:00","‡","11.3","","-2.1","","39","","25","","32","","16.1","","87.92","","","","","","NA"
"2017-04-20 18:00","2017","04","20","18:00","‡","10.4","","-0.7","","46","","25","","28","","16.1","","87.94","","","","","","NA"
"2017-04-20 19:00","2017","04","20","19:00","‡","8.9","","-0.1","","53","","25","","34","","16.1","","87.98","","","","","","NA"
"2017-04-20 20:00","2017","04","20","20:00","‡","6.9","","0.0","","61","","25","","32","","16.1","","88.04","","","","","","NA"
"2017-04-20 21:00","2017","04","20","21:00","‡","6.7","","-0.2","","61","","26","","34","","16.1","","88.11","","","","","","NA"
"2017-04-20 22:00","2017","04","20","22:00","‡","6.2","","0.1","","65","","27","","26","","16.1","","88.16","","","","","","NA"
"2017-04-20 23:00","2017","04","20","23:00","‡","6.2","","0.0","","65","","26","","30","","16.1","","88.17","","","","","","NA"
"2017-04-21 00:00","2017","04","21","00:00","‡","6.1","","-0.2","","64","","26","","22","","16.1","","88.23","","","","","","NA"
"2017-04-21 01:00","2017","04","21","01:00","‡","5.8","","-0.2","","65","","25","","26","","16.1","","88.27","","","","","","NA"
"2017-04-21 02:00","2017","04","21","02:00","‡","6.0","","-0.3","","64","","28","","22","","16.1","","88.32","","","","","","NA"
"2017-04-21 03:00","2017","04","21","03:00","‡","5.7","","0.3","","68","","29","","15","","16.1","","88.40","","","","","","Rain"
"2017-04-21 04:00","2017","04","21","04:00","‡","4.2","","2.6","","89","","28","","15","","16.1","","88.46","","","","","","Rain"
"2017-04-21 05:00","2017","04","21","05:00","‡","3.8","","2.9","","94","","35","","9","","6.4","","88.55","","","","","","Moderate Rain,Fog"
"2017-04-21 06:00","2017","04","21","06:00","‡","2.7","","1.7","","93","","29","","17","","12.9","","88.64","","","","","","Rain"
"2017-04-21 07:00","2017","04","21","07:00","‡","2.7","","1.7","","93","","34","","9","","8.1","","88.75","","","","","","Moderate Rain,Fog"
"2017-04-21 08:00","2017","04","21","08:00","‡","2.3","","1.5","","94","","30","","11","","12.9","","88.81","","","","","","Rain"
"2017-04-21 09:00","2017","04","21","09:00","‡","3.1","","2.3","","95","","32","","18","","14.5","","88.86","","","","","","Rain"
"2017-04-21 10:00","2017","04","21","10:00","‡","3.9","","2.6","","91","","30","","17","","16.1","","88.91","","","","","","Rain"
"2017-04-21 11:00","2017","04","21","11:00","‡","4.4","","2.4","","87","","35","","15","","12.9","","88.97","","","","","","Rain"
"2017-04-21 12:00","2017","04","21","12:00","‡","3.8","","2.6","","92","","8","","18","","12.9","","89.03","","","","","","Rain"
"2017-04-21 13:00","2017","04","21","13:00","‡","4.8","","2.6","","86","","36","","15","","16.1","","89.09","","","","","","Rain"
"2017-04-21 14:00","2017","04","21","14:00","‡","5.4","","2.1","","79","","7","","9","","16.1","","89.10","","","","","","NA"
"2017-04-21 15:00","2017","04","21","15:00","‡","7.2","","2.2","","70","","6","","9","","16.1","","89.05","","","","","","NA"
"2017-04-21 16:00","2017","04","21","16:00","‡","6.8","","1.9","","71","","20","","5","","16.1","","89.05","","","","","","NA"
"2017-04-21 17:00","2017","04","21","17:00","‡","6.6","","2.1","","73","","20","","9","","16.1","","89.05","","","","","","NA"
"2017-04-21 18:00","2017","04","21","18:00","‡","7.1","","1.5","","67","","16","","11","","16.1","","89.00","","","","","","NA"
"2017-04-21 19:00","2017","04","21","19:00","‡","5.8","","1.5","","74","","22","","8","","16.1","","88.95","","","","","","NA"
"2017-04-21 20:00","2017","04","21","20:00","‡","3.3","","0.0","","79","","20","","9","","16.1","","88.93","","","","","","NA"
"2017-04-21 21:00","2017","04","21","21:00","‡","1.3","","-0.1","","91","","25","","9","","16.1","","88.91","","","","","","NA"
"2017-04-21 22:00","2017","04","21","22:00","‡","0.1","","-0.6","","95","","25","","15","","16.1","","88.90","","","","","","NA"
"2017-04-21 23:00","2017","04","21","23:00","‡","-0.1","","-0.8","","95","","25","","18","","16.1","","88.89","","","","-5","","NA"
"2017-04-22 00:00","2017","04","22","00:00"
"2017-04-22 01:00","2017","04","22","01:00"
"2017-04-22 02:00","2017","04","22","02:00"
"2017-04-22 03:00","2017","04","22","03:00"
"2017-04-22 04:00","2017","04","22","04:00"
"2017-04-22 05:00","2017","04","22","05:00"
"2017-04-22 06:00","2017","04","22","06:00"
"2017-04-22 07:00","2017","04","22","07:00"
"2017-04-22 08:00","2017","04","22","08:00"
"2017-04-22 09:00","2017","04","22","09:00"
"2017-04-22 10:00","2017","04","22","10:00"
"2017-04-22 11:00","2017","04","22","11:00"
"2017-04-22 12:00","2017","04","22","12:00"
"2017-04-22 13:00","2017","04","22","13:00"
"2017-04-22 14:00","2017","04","22","14:00"
"2017-04-22 15:00","2017","04","22","15:00"
"2017-04-22 16:00","2017","04","22","16:00"
"2017-04-22 17:00","2017","04","22","17:00"
"2017-04-22 18:00","2017","04","22","18:00"
"2017-04-22 19:00","2017","04","22","19:00"
"2017-04-22 20:00","2017","04","22","20:00"
"2017-04-22 21:00","2017","04","22","21:00"
"2017-04-22 22:00","2017","04","22","22:00"
"2017-04-22 23:00","2017","04","22","23:00"
"2017-04-23 00:00","2017","04","23","00:00"
"2017-04-23 01:00","2017","04","23","01:00"
"2017-04-23 02:00","2017","04","23","02:00"
"2017-04-23 03:00","2017","04","23","03:00"
"2017-04-23 04:00","2017","04","23","04:00"
"2017-04-23 05:00","2017","04","23","05:00"
"2017-04-23 06:00","2017","04","23","06:00"
"2017-04-23 07:00","2017","04","23","07:00"
"2017-04-23 08:00","2017","04","23","08:00"
"2017-04-23 09:00","2017","04","23","09:00"
"2017-04-23 10:00","2017","04","23","10:00"
"2017-04-23 11:00","2017","04","23","11:00"
"2017-04-23 12:00","2017","04","23","12:00"
"2017-04-23 13:00","2017","04","23","13:00"
"2017-04-23 14:00","2017","04","23","14:00"
"2017-04-23 15:00","2017","04","23","15:00"
"2017-04-23 16:00","2017","04","23","16:00"
"2017-04-23 17:00","2017","04","23","17:00"
"2017-04-23 18:00","2017","04","23","18:00"
"2017-04-23 19:00","2017","04","23","19:00"
"2017-04-23 20:00","2017","04","23","20:00"
"2017-04-23 21:00","2017","04","23","21:00"
"2017-04-23 22:00","2017","04","23","22:00"
"2017-04-23 23:00","2017","04","23","23:00"
"2017-04-24 00:00","2017","04","24","00:00"
"2017-04-24 01:00","2017","04","24","01:00"
"2017-04-24 02:00","2017","04","24","02:00"
"2017-04-24 03:00","2017","04","24","03:00"
"2017-04-24 04:00","2017","04","24","04:00"
"2017-04-24 05:00","2017","04","24","05:00"
"2017-04-24 06:00","2017","04","24","06:00"
"2017-04-24 07:00","2017","04","24","07:00"
"2017-04-24 08:00","2017","04","24","08:00"
"2017-04-24 09:00","2017","04","24","09:00"
"2017-04-24 10:00","2017","04","24","10:00"
"2017-04-24 11:00","2017","04","24","11:00"
"2017-04-24 12:00","2017","04","24","12:00"
"2017-04-24 13:00","2017","04","24","13:00"
"2017-04-24 14:00","2017","04","24","14:00"
"2017-04-24 15:00","2017","04","24","15:00"
"2017-04-24 16:00","2017","04","24","16:00"
"2017-04-24 17:00","2017","04","24","17:00"
"2017-04-24 18:00","2017","04","24","18:00"
"2017-04-24 19:00","2017","04","24","19:00"
"2017-04-24 20:00","2017","04","24","20:00"
"2017-04-24 21:00","2017","04","24","21:00"
"2017-04-24 22:00","2017","04","24","22:00"
"2017-04-24 23:00","2017","04","24","23:00"
"2017-04-25 00:00","2017","04","25","00:00"
"2017-04-25 01:00","2017","04","25","01:00"
"2017-04-25 02:00","2017","04","25","02:00"
"2017-04-25 03:00","2017","04","25","03:00"
"2017-04-25 04:00","2017","04","25","04:00"
"2017-04-25 05:00","2017","04","25","05:00"
"2017-04-25 06:00","2017","04","25","06:00"
"2017-04-25 07:00","2017","04","25","07:00"
"2017-04-25 08:00","2017","04","25","08:00"
"2017-04-25 09:00","2017","04","25","09:00"
"2017-04-25 10:00","2017","04","25","10:00"
"2017-04-25 11:00","2017","04","25","11:00"
"2017-04-25 12:00","2017","04","25","12:00"
"2017-04-25 13:00","2017","04","25","13:00"
"2017-04-25 14:00","2017","04","25","14:00"
"2017-04-25 15:00","2017","04","25","15:00"
"2017-04-25 16:00","2017","04","25","16:00"
"2017-04-25 17:00","2017","04","25","17:00"
"2017-04-25 18:00","2017","04","25","18:00"
"2017-04-25 19:00","2017","04","25","19:00"
"2017-04-25 20:00","2017","04","25","20:00"
"2017-04-25 21:00","2017","04","25","21:00"
"2017-04-25 22:00","2017","04","25","22:00"
"2017-04-25 23:00","2017","04","25","23:00"
"2017-04-26 00:00","2017","04","26","00:00"
"2017-04-26 01:00","2017","04","26","01:00"
"2017-04-26 02:00","2017","04","26","02:00"
"2017-04-26 03:00","2017","04","26","03:00"
"2017-04-26 04:00","2017","04","26","04:00"
"2017-04-26 05:00","2017","04","26","05:00"
"2017-04-26 06:00","2017","04","26","06:00"
"2017-04-26 07:00","2017","04","26","07:00"
"2017-04-26 08:00","2017","04","26","08:00"
"2017-04-26 09:00","2017","04","26","09:00"
"2017-04-26 10:00","2017","04","26","10:00"
"2017-04-26 11:00","2017","04","26","11:00"
"2017-04-26 12:00","2017","04","26","12:00"
"2017-04-26 13:00","2017","04","26","13:00"
"2017-04-26 14:00","2017","04","26","14:00"
"2017-04-26 15:00","2017","04","26","15:00"
"2017-04-26 16:00","2017","04","26","16:00"
"2017-04-26 17:00","2017","04","26","17:00"
"2017-04-26 18:00","2017","04","26","18:00"
"2017-04-26 19:00","2017","04","26","19:00"
"2017-04-26 20:00","2017","04","26","20:00"
"2017-04-26 21:00","2017","04","26","21:00"
"2017-04-26 22:00","2017","04","26","22:00"
"2017-04-26 23:00","2017","04","26","23:00"
"2017-04-27 00:00","2017","04","27","00:00"
"2017-04-27 01:00","2017","04","27","01:00"
"2017-04-27 02:00","2017","04","27","02:00"
"2017-04-27 03:00","2017","04","27","03:00"
"2017-04-27 04:00","2017","04","27","04:00"
"2017-04-27 05:00","2017","04","27","05:00"
"2017-04-27 06:00","2017","04","27","06:00"
"2017-04-27 07:00","2017","04","27","07:00"
"2017-04-27 08:00","2017","04","27","08:00"
"2017-04-27 09:00","2017","04","27","09:00"
"2017-04-27 10:00","2017","04","27","10:00"
"2017-04-27 11:00","2017","04","27","11:00"
"2017-04-27 12:00","2017","04","27","12:00"
"2017-04-27 13:00","2017","04","27","13:00"
"2017-04-27 14:00","2017","04","27","14:00"
"2017-04-27 15:00","2017","04","27","15:00"
"2017-04-27 16:00","2017","04","27","16:00"
"2017-04-27 17:00","2017","04","27","17:00"
"2017-04-27 18:00","2017","04","27","18:00"
"2017-04-27 19:00","2017","04","27","19:00"
"2017-04-27 20:00","2017","04","27","20:00"
"2017-04-27 21:00","2017","04","27","21:00"
"2017-04-27 22:00","2017","04","27","22:00"
"2017-04-27 23:00","2017","04","27","23:00"
"2017-04-28 00:00","2017","04","28","00:00"
"2017-04-28 01:00","2017","04","28","01:00"
"2017-04-28 02:00","2017","04","28","02:00"
"2017-04-28 03:00","2017","04","28","03:00"
"2017-04-28 04:00","2017","04","28","04:00"
"2017-04-28 05:00","2017","04","28","05:00"
"2017-04-28 06:00","2017","04","28","06:00"
"2017-04-28 07:00","2017","04","28","07:00"
"2017-04-28 08:00","2017","04","28","08:00"
"2017-04-28 09:00","2017","04","28","09:00"
"2017-04-28 10:00","2017","04","28","10:00"
"2017-04-28 11:00","2017","04","28","11:00"
"2017-04-28 12:00","2017","04","28","12:00"
"2017-04-28 13:00","2017","04","28","13:00"
"2017-04-28 14:00","2017","04","28","14:00"
"2017-04-28 15:00","2017","04","28","15:00"
"2017-04-28 16:00","2017","04","28","16:00"
"2017-04-28 17:00","2017","04","28","17:00"
"2017-04-28 18:00","2017","04","28","18:00"
"2017-04-28 19:00","2017","04","28","19:00"
"2017-04-28 20:00","2017","04","28","20:00"
"2017-04-28 21:00","2017","04","28","21:00"
"2017-04-28 22:00","2017","04","28","22:00"
"2017-04-28 23:00","2017","04","28","23:00"
"2017-04-29 00:00","2017","04","29","00:00"
"2017-04-29 01:00","2017","04","29","01:00"
"2017-04-29 02:00","2017","04","29","02:00"
"2017-04-29 03:00","2017","04","29","03:00"
"2017-04-29 04:00","2017","04","29","04:00"
"2017-04-29 05:00","2017","04","29","05:00"
"2017-04-29 06:00","2017","04","29","06:00"
"2017-04-29 07:00","2017","04","29","07:00"
"2017-04-29 08:00","2017","04","29","08:00"
"2017-04-29 09:00","2017","04","29","09:00"
"2017-04-29 10:00","2017","04","29","10:00"
"2017-04-29 11:00","2017","04","29","11:00"
"2017-04-29 12:00","2017","04","29","12:00"
"2017-04-29 13:00","2017","04","29","13:00"
"2017-04-29 14:00","2017","04","29","14:00"
"2017-04-29 15:00","2017","04","29","15:00"
"2017-04-29 16:00","2017","04","29","16:00"
"2017-04-29 17:00","2017","04","29","17:00"
"2017-04-29 18:00","2017","04","29","18:00"
"2017-04-29 19:00","2017","04","29","19:00"
"2017-04-29 20:00","2017","04","29","20:00"
"2017-04-29 21:00","2017","04","29","21:00"
"2017-04-29 22:00","2017","04","29","22:00"
"2017-04-29 23:00","2017","04","29","23:00"
"2017-04-30 00:00","2017","04","30","00:00"
"2017-04-30 01:00","2017","04","30","01:00"
"2017-04-30 02:00","2017","04","30","02:00"
"2017-04-30 03:00","2017","04","30","03:00"
"2017-04-30 04:00","2017","04","30","04:00"
"2017-04-30 05:00","2017","04","30","05:00"
"2017-04-30 06:00","2017","04","30","06:00"
"2017-04-30 07:00","2017","04","30","07:00"
"2017-04-30 08:00","2017","04","30","08:00"
"2017-04-30 09:00","2017","04","30","09:00"
"2017-04-30 10:00","2017","04","30","10:00"
"2017-04-30 11:00","2017","04","30","11:00"
"2017-04-30 12:00","2017","04","30","12:00"
"2017-04-30 13:00","2017","04","30","13:00"
"2017-04-30 14:00","2017","04","30","14:00"
"2017-04-30 15:00","2017","04","30","15:00"
"2017-04-30 16:00","2017","04","30","16:00"
"2017-04-30 17:00","2017","04","30","17:00"
"2017-04-30 18:00","2017","04","30","18:00"
"2017-04-30 19:00","2017","04","30","19:00"
"2017-04-30 20:00","2017","04","30","20:00"
"2017-04-30 21:00","2017","04","30","21:00"
"2017-04-30 22:00","2017","04","30","22:00"
"2017-04-30 23:00","2017","04","30","23:00"
